user_id,surname,name,age,email,id_country
1,AGUILERA MERINO,DIMAS,12,DIMASFRANCE@gmail.com,7
2,BLANCO FONTANET,DAVID,43,DAVIDSPAIN@gmail.com,11
3,BARALDES COMAS,ANA INES,41,ANA INESSPAIN@gmail.com,15
4,ZAMBUDIO FIGULS,IVAN,24,IVANSPAIN@gmail.com,14
5,BADIA TORNE,LAURA,25,LAURAITALY@gmail.com,14
6,ARNAU MORENO,MARTA,19,MARTAITALY@gmail.com,3
7,ABADIAS MASANA,ABEL,21,ABELCHINA@gmail.com,15
8,CASAS ANDRES,BERTA,37,BERTAFRANCE@gmail.com,10
9,LOPEZ GARRIGASSAIT,MARIO,40,MARIOUNITED-KINDOM@gmail.com,2
10,MOLINA GARRIDO,DANIEL,27,DANIELJAPAN@gmail.com,8
11,BASTARDES SOTO,JOSE ANTONIO,16,JOSE ANTONIOCHINA@gmail.com,12
12,LIBORI FIGUERAS,MIREIA,39,MIREIASPAIN@gmail.com,1
13,GALOBART GARCIA,DAVID,21,DAVIDJAPAN@gmail.com,9
14,BENITEZ JOSE,SANDRA,45,SANDRAUNITED-KINDOM@gmail.com,8
15,ARNALOT PUIG,RICARD,22,RICARDGERMANY@gmail.com,7
16,BARALDES PARDO,MARC,41,MARCJAPAN@gmail.com,1
17,ALIGUE BONVEHI,DAVID,40,DAVIDUSA@gmail.com,9
18,RASERO GAVILAN,GEMMA,31,GEMMACANADA@gmail.com,14
19,ALONSO RODRIGUEZ,GEMMA,21,GEMMASPAIN@gmail.com,5
20,GARCIA GONZALEZ,JOAN,30,JOANCHINA@gmail.com,7
21,AGUILERA TATJE,RICARD,32,RICARDCANADA@gmail.com,10
22,ABADIAS MASANA,GERARD,20,GERARDITALY@gmail.com,7
23,BASTARDAS FRANCH,DAVID,23,DAVIDCANADA@gmail.com,8
24,ALBERICH RODRIGUEZ,JOAN,31,JOANFRANCE@gmail.com,11
25,AREVALO SANCHEZ,DAVID,32,DAVIDJAPAN@gmail.com,8
26,AGUILERA TATJE,MARIA NOELIA,39,MARIA NOELIAGERMANY@gmail.com,13
27,ALOY COMPTE,JULIO,37,JULIOCOREA@gmail.com,1
28,ZAFRA FIGULS,SILVIA,14,SILVIAITALY@gmail.com,14
29,AYALA TORNE,MARIO,23,MARIOUNITED-KINDOM@gmail.com,10
30,AGUILERA BAENA,LUCIA,11,LUCIAITALY@gmail.com,4
31,MORALES GESE,MONICA,25,MONICAUSA@gmail.com,4
32,AROCA GOMEZ,GEMMA,20,GEMMAITALY@gmail.com,10
33,AYALA TORNE,DAMIA,16,DAMIACOREA@gmail.com,6
34,GARCIA GONZALEZ,JOAN,44,JOANUNITED-KINDOM@gmail.com,11
35,BENITEZ FLORES,VIRGINIA,12,VIRGINIACHINA@gmail.com,11
36,MOLINER GARRIDO,MARC,21,MARCITALY@gmail.com,2
37,AGUILERA BAENA,JORDI,28,JORDISPAIN@gmail.com,13
38,BARRIGA RIU,CRISTINA,40,CRISTINAITALY@gmail.com,10
39,ALINS MULET,ERIC,21,ERICUSA@gmail.com,8
40,ALIGUE RIVERA,DAVID-JESE,26,DAVID-JESEGERMANY@gmail.com,5
41,AROCA GOMEZ,RAQUEL,43,RAQUELCANADA@gmail.com,3
42,VISO GILABERT,MARTA,36,MARTAUNITED-KINDOM@gmail.com,12
43,ARMENCOT PUIG,ESTHER,45,ESTHERJAPAN@gmail.com,2
44,TORRESCASANA GARCIA,ADRIA,39,ADRIAJAPAN@gmail.com,5
45,AREVALO SANCHEZ,ANA INES,32,ANA INESUSA@gmail.com,14
46,RAYA GARCIA,JAIRO,14,JAIROCOREA@gmail.com,2
47,MORALES GESE,DAVID,42,DAVIDUNITED-KINDOM@gmail.com,12
48,ARPA MORENO,MARC,42,MARCITALY@gmail.com,7
49,LUQUE GARRIGASAIT,CRISTIAN,32,CRISTIANJAPAN@gmail.com,13
50,PASCUAL ALOY,JAIRO,23,JAIROCANADA@gmail.com,11
51,PASCUAL ALOY,CRISTIAN,37,CRISTIANFRANCE@gmail.com,13
52,VISO GILABERT,CARLA,40,CARLASPAIN@gmail.com,8
53,GRANADOS ANDRES,CRISTIAN,14,CRISTIANITALY@gmail.com,6
54,BOIX GONZALEZ,MARC,33,MARCFRANCE@gmail.com,13
55,BASTARDAS FRANCH,MARC,35,MARCUNITED-KINDOM@gmail.com,10
56,RIVERO FLORIDO,DIMAS,27,DIMASCANADA@gmail.com,7
57,HERMS GOMEZ,TONI,32,TONIUNITED-KINDOM@gmail.com,14
58,BARALDES PARDO,ADRIA,33,ADRIASPAIN@gmail.com,6
59,RIDO GOMEZ,CRISTIAN,35,CRISTIANSPAIN@gmail.com,9
60,BIDAULT CULLERES,AINA,17,AINAGERMANY@gmail.com,15
61,SANCHEZ GOMEZ,MARC,21,MARCUSA@gmail.com,14
62,CASAS ANDRES,OLIVER,21,OLIVERJAPAN@gmail.com,10
63,AYALA TORNE,JORDI,18,JORDIUSA@gmail.com,13
64,ALVAREZ PARCERISA,LAURA,44,LAURAITALY@gmail.com,9
65,GALOBART GARCIA,ENRIC,13,ENRICCHINA@gmail.com,11
66,BARCONS LARA,IVAN,12,IVANGERMANY@gmail.com,12
67,RODRIGUEZ GARCIA,LAURA,27,LAURAJAPAN@gmail.com,15
68,ARIZA PUIGBO,JULIO ALBERTO,25,JULIO ALBERTOCHINA@gmail.com,14
69,PARRAMON FLORES,MARC,18,MARCSPAIN@gmail.com,5
70,AGUILERA MERINO,CARLA,42,CARLAUNITED-KINDOM@gmail.com,2
71,ALOY CODINACHS,DIMAS,45,DIMASCHINA@gmail.com,15
72,ARTIGAS MATURANO,LLUIS,22,LLUISCANADA@gmail.com,7
73,AVILA MASJUAN,FERRAN,20,FERRANJAPAN@gmail.com,13
74,ALIGUE BONVEHI,JULIA,32,JULIACANADA@gmail.com,2
75,SANCHEZ GOMEZ,ALEJANDRO,18,ALEJANDROFRANCE@gmail.com,9
76,BASTARDES SOTO,VERONICA,17,VERONICAJAPAN@gmail.com,3
77,BIDAULT CULLERES,CRISTIAN,41,CRISTIANCHINA@gmail.com,9
78,ALINS GONZALEZ,JUAN,13,JUANJAPAN@gmail.com,10
79,ARNALOT PUIG,MARIA JOSE,24,MARIA JOSEJAPAN@gmail.com,6
80,RUEDA ALVAREZ,ARAN,24,ARANSPAIN@gmail.com,7
81,AYALA FERRERAS,BERTA,44,BERTACOREA@gmail.com,15
82,AGUILAR RAMOS,ALEXIA,19,ALEXIAUSA@gmail.com,12
83,GARCIA GARCIA,SERGI,29,SERGICOREA@gmail.com,15
84,GARCIA GARCIA,MARIA ISABEL,43,MARIA ISABELITALY@gmail.com,1
85,ANDREU CRUZ,ALEIX,27,ALEIXGERMANY@gmail.com,14
86,LIBORI FIGUERAS,VERONICA,45,VERONICAFRANCE@gmail.com,10
87,PASCUAL FLORES,MARC,44,MARCCANADA@gmail.com,14
88,ANGUERA VILAFRANCA,LAURA,39,LAURACANADA@gmail.com,1
89,CANO GOMEZ,LAURA,20,LAURACANADA@gmail.com,8
90,BERENGUERAS CULLERES,JORDI,20,JORDICANADA@gmail.com,1
91,GARCIA GARCIA,CRISTINA,45,CRISTINACOREA@gmail.com,10
92,VISO GILABERT,JOAN,38,JOANCOREA@gmail.com,10
93,MORALES GESE,LAURA,10,LAURACANADA@gmail.com,1
94,BAJONA GARCIA,GEMMA,30,GEMMASPAIN@gmail.com,11
95,PARRAMON FLORES,VERONICA,32,VERONICAJAPAN@gmail.com,8
96,BAJONA GARCIA,MARIA ISABEL,42,MARIA ISABELJAPAN@gmail.com,14
97,AYALA FERRERAS,DANIEL,10,DANIELCOREA@gmail.com,11
98,BAJONA GARCIA,JULIO ALBERTO,38,JULIO ALBERTOFRANCE@gmail.com,14
99,BARALDES COMAS,GEMMA,32,GEMMACANADA@gmail.com,11
100,BERENGUERAS CULLERES,LUCIA,44,LUCIASPAIN@gmail.com,13
101,ALINS MULET,ESTEFANIA,16,ESTEFANIACANADA@gmail.com,10
102,AROCA GOMEZ,SANDRA,34,SANDRAUNITED-KINDOM@gmail.com,11
103,ALGUE TRANCHO,JOAN MARTI,20,JOAN MARTIGERMANY@gmail.com,6
104,AROCA GOMEZ,IVAN,42,IVANUSA@gmail.com,13
105,BARALDES MONROS,LAURA,26,LAURAGERMANY@gmail.com,6
106,RASERO GAVILAN,SANDRA,13,SANDRAGERMANY@gmail.com,4
107,ARPA MORENO,JORDI,43,JORDICOREA@gmail.com,13
108,BENITEZ JOSE,JOAN,22,JOANJAPAN@gmail.com,8
109,MAS FRANCH,ANNA,13,ANNAUNITED-KINDOM@gmail.com,3
110,RAYA GAVILAN,DOUNYA,31,DOUNYAFRANCE@gmail.com,3
111,ARNAU MORENO,ERIC,12,ERICUSA@gmail.com,1
112,ALEU PRAT,ADRIA,44,ADRIACANADA@gmail.com,6
113,BARALDES TARRAGO,IRENE,31,IRENEGERMANY@gmail.com,8
114,AGUILAR SUNYE,DAVID,33,DAVIDUNITED-KINDOM@gmail.com,12
115,BIDAULT PUEYO,IRENE,26,IRENECOREA@gmail.com,15
116,AVILA MASJUAN,SANDRA,15,SANDRAUNITED-KINDOM@gmail.com,9
117,ABDIN TATJE,CRISTIAN,41,CRISTIANGERMANY@gmail.com,13
118,ALGUE TRANCHO,RICARD,37,RICARDUNITED-KINDOM@gmail.com,7
119,VALLES GIRVENT,CRISTINA,35,CRISTINAFRANCE@gmail.com,5
120,AYALA TORNE,CARLOS,35,CARLOSCANADA@gmail.com,7
121,ARISSA HERMOSO,CRISTINA,16,CRISTINAJAPAN@gmail.com,4
122,AGUILERA BAENA,INGRID,40,INGRIDUNITED-KINDOM@gmail.com,9
123,ALAPONT ICART,BERTA,42,BERTAGERMANY@gmail.com,11
124,ALVAREZ PARCERISA,ADRIA,37,ADRIASPAIN@gmail.com,7
125,ALONSO RODRIGUEZ,CRISTINA,25,CRISTINAITALY@gmail.com,12
126,VISO GILABERT,MARTA,37,MARTAUNITED-KINDOM@gmail.com,6
127,BIDAULT PUEYO,ALEIX,16,ALEIXCHINA@gmail.com,11
128,BARRIGA SOTO,RAMON,42,RAMONJAPAN@gmail.com,14
129,RIVERO FLORIDO,LAURA,17,LAURACHINA@gmail.com,15
130,AGUILERA PRAT,MARIA,26,MARIAITALY@gmail.com,9
131,RIDO GOMEZ,ORIOL,37,ORIOLJAPAN@gmail.com,8
132,BARALDES COMAS,MARTA,25,MARTAFRANCE@gmail.com,11
133,AGUILERA MERINO,RAQUEL,14,RAQUELITALY@gmail.com,14
134,ARPA MORENO,JULIO,13,JULIOFRANCE@gmail.com,2
135,TORRUELLA GARCIA,TONI,38,TONIUSA@gmail.com,9
136,LUQUE GARRIGASAIT,JORDI,32,JORDIFRANCE@gmail.com,8
137,PARRAMON FLORES,JULIO ALBERTO,12,JULIO ALBERTOITALY@gmail.com,11
138,BARALDES PARDO,LLUIS,16,LLUISGERMANY@gmail.com,12
139,AGUILERA MERINO,AINA,11,AINAGERMANY@gmail.com,5
140,BIDAULT PEREZ,JOAN,39,JOANSPAIN@gmail.com,9
141,ARIZA PUIGBO,CRISTIAN,44,CRISTIANFRANCE@gmail.com,15
142,MOLINA GARRIDO,MARIA NOELIA,30,MARIA NOELIAJAPAN@gmail.com,7
143,VALLES GIRVENT,JOAN,20,JOANJAPAN@gmail.com,7
144,ABDIN TATJE,MARTA,21,MARTAJAPAN@gmail.com,2
145,AYALA FERRERAS,MIQUEL,11,MIQUELITALY@gmail.com,11
146,MOLINA GARRIDO,SANDRA,44,SANDRAGERMANY@gmail.com,4
147,RIVERO FLORIDO,JOAN,29,JOANUSA@gmail.com,10
148,ALAVEDRA SUNYE,MARIA,20,MARIAUSA@gmail.com,4
149,AROCA GOMEZ,CARLA,13,CARLAFRANCE@gmail.com,14
150,HERMS GOMEZ,AINA,15,AINACOREA@gmail.com,1
151,MOLINA GARRIDO,RAQUEL,16,RAQUELSPAIN@gmail.com,6
152,CASAS ANDRES,ERIC,41,ERICSPAIN@gmail.com,15
153,LIBORI FIGUERAS,JOAN MARTI,41,JOAN MARTICHINA@gmail.com,12
154,ALVAREZ TROYANO,TONI,24,TONIITALY@gmail.com,11
155,ALTIMIRAS SERAROLS,ANDREU,24,ANDREUUSA@gmail.com,1
156,BIDAULT PUEYO,IRENE,38,IRENEUSA@gmail.com,13
157,BARALDES COMAS,CARLOS,19,CARLOSCANADA@gmail.com,9
158,RIDO GOMEZ,MARIONA,11,MARIONACANADA@gmail.com,1
159,AGUILERA BAENA,ERIC,36,ERICITALY@gmail.com,12
160,RIDO GOMEZ,JOSE ANTONIO,22,JOSE ANTONIOSPAIN@gmail.com,13
161,RODRIGUEZ GARCIA,ENRIC,16,ENRICUNITED-KINDOM@gmail.com,5
162,ARTIGAS MATURANO,IVET,37,IVETITALY@gmail.com,5
163,ALTIMIRAS SERAROLS,ANA INES,32,ANA INESCANADA@gmail.com,3
164,ANDREU CRUZ,MARTA,17,MARTASPAIN@gmail.com,4
165,RAYA GARCIA,DAMIA,35,DAMIACHINA@gmail.com,6
166,ARISSA HERMOSO,DAVID,33,DAVIDUSA@gmail.com,6
167,MAS FRANCH,LAURA,41,LAURACANADA@gmail.com,9
168,BARCONS LARA,MARTA,30,MARTAUNITED-KINDOM@gmail.com,12
169,ANDREU CRUZ,MARIA JOSE,38,MARIA JOSEUNITED-KINDOM@gmail.com,11
170,RUEDA ALVAREZ,RICARD,37,RICARDCHINA@gmail.com,9
171,ZAFRA FIGULS,IVAN,19,IVANCOREA@gmail.com,9
172,LUQUE GARRIGASAIT,MARC,13,MARCITALY@gmail.com,9
173,AGUILERA PRAT,JORDI,10,JORDICHINA@gmail.com,4
174,AYALA ALSINA,JOSEP,43,JOSEPUSA@gmail.com,1
175,CANELLAS GOMEZ,VALENTI,14,VALENTIJAPAN@gmail.com,8
176,SUAREZ GARZON,ALEXIA,31,ALEXIACANADA@gmail.com,2
177,ZAMBUDIO FIGULS,ADRIA,23,ADRIACHINA@gmail.com,2
178,SUAREZ GARZON,DAMIA,34,DAMIAUSA@gmail.com,2
179,ASENSIO VEGA,ANTONI,27,ANTONICHINA@gmail.com,8
180,ARTIGAS MATURANO,MIREIA,35,MIREIAUSA@gmail.com,5
181,CASAS ANDRES,SANDRA,42,SANDRAJAPAN@gmail.com,12
182,ALVAREZ TROYANO,MARTA,12,MARTAJAPAN@gmail.com,11
183,BADIA CASTILLO,GEMMA,37,GEMMAUNITED-KINDOM@gmail.com,12
184,BARCONS LARA,ANTONI,33,ANTONISPAIN@gmail.com,7
185,AGUILERA TATJE,CRISTINA,21,CRISTINAUSA@gmail.com,11
186,ALAPONT ICART,ADRIA,38,ADRIAJAPAN@gmail.com,13
187,BAEZ TEJADO,GERARD,30,GERARDITALY@gmail.com,10
188,ARISSA HERMOSO,GEMMA,21,GEMMAGERMANY@gmail.com,14
189,ZAFRA FIGULS,INGRID,18,INGRIDUNITED-KINDOM@gmail.com,2
190,RIDO GOMEZ,CARLA,44,CARLAFRANCE@gmail.com,9
191,AYALA FERRERAS,GEMMA,20,GEMMAITALY@gmail.com,1
192,BARCONS LARA,ANA INES,18,ANA INESSPAIN@gmail.com,6
193,PASCUAL FLORES,VERONICA,33,VERONICAJAPAN@gmail.com,1
194,AGUILERA TATJE,JULIO ALBERTO,13,JULIO ALBERTOUNITED-KINDOM@gmail.com,6
195,BAEZ TEJADO,ANNA,44,ANNACHINA@gmail.com,4
196,ALVAREZ ARMENTEROS,SANDRA,30,SANDRAJAPAN@gmail.com,11
197,GARCIA GARCIA,MARIA JOSE,33,MARIA JOSEJAPAN@gmail.com,11
198,ABADIAS MASANA,JOSE ANTONIO,38,JOSE ANTONIOSPAIN@gmail.com,3
199,ALIGUE RIVERA,SANDRA,17,SANDRAFRANCE@gmail.com,1
200,GALOBART GARCIA,MIREIA,23,MIREIAITALY@gmail.com,12
201,ARNALOT PUIG,VIRGINIA,11,VIRGINIAGERMANY@gmail.com,12
202,LUQUE GARRIGASAIT,DAVID,26,DAVIDUNITED-KINDOM@gmail.com,13
203,RUEDA ALVAREZ,DAVID-JESE,21,DAVID-JESEUNITED-KINDOM@gmail.com,7
204,BOIX GONZALEZ,DAVID,31,DAVIDCANADA@gmail.com,6
205,GALOBART GARCIA,IVET,13,IVETCHINA@gmail.com,11
206,AROCAS PASADAS,JORDI,21,JORDICHINA@gmail.com,8
207,AROCA GOMEZ,MONICA,35,MONICAFRANCE@gmail.com,8
208,RUEDA ALVAREZ,JOAN,32,JOANJAPAN@gmail.com,15
209,RIVERO FLORIDO,GERARD,36,GERARDGERMANY@gmail.com,15
210,SANCHEZ GOMEZ,QUERALT,40,QUERALTUNITED-KINDOM@gmail.com,9
211,ABDIN TATJE,ANA INES,36,ANA INESSPAIN@gmail.com,10
212,ALOY COMPTE,RICARD,41,RICARDSPAIN@gmail.com,5
213,AYALA TORNE,MARIA,36,MARIACOREA@gmail.com,4
214,RAYA GAVILAN,MIREIA,34,MIREIASPAIN@gmail.com,14
215,BIDAULT PUEYO,RAQUEL,17,RAQUELUSA@gmail.com,3
216,MOLINA GARRIDO,JOAN,10,JOANITALY@gmail.com,15
217,BIDAULT CULLERES,MIREIA,14,MIREIAFRANCE@gmail.com,6
218,AVILA MASJUAN,ARAN,36,ARANUSA@gmail.com,4
219,ALIGUE RIVERA,LLUIS,21,LLUISUNITED-KINDOM@gmail.com,13
220,AVILA MASJUAN,GEMMA,32,GEMMAGERMANY@gmail.com,9
221,ZAFRA FIGULS,VERONICA,11,VERONICAITALY@gmail.com,5
222,ARIZA PUIGBO,MARTA,45,MARTAFRANCE@gmail.com,4
223,PASCUAL FLORES,SERGI,27,SERGIGERMANY@gmail.com,6
224,LOPEZ GARRIGASSAIT,CARLOS,37,CARLOSGERMANY@gmail.com,5
225,AGUILAR SUNYE,GERARD,30,GERARDJAPAN@gmail.com,2
226,VALLES GIRVENT,ENRIC,41,ENRICJAPAN@gmail.com,10
227,ALONSO RODRIGUEZ,MARIO,42,MARIOGERMANY@gmail.com,8
228,BADIA CASTILLO,ADRIA,34,ADRIAGERMANY@gmail.com,3
229,RASERO GAVILAN,XAVIER,34,XAVIERCHINA@gmail.com,2
230,ZAFRA FIGULS,ABEL,42,ABELUSA@gmail.com,11
231,ANDREU CRUZ,GEMMA,36,GEMMASPAIN@gmail.com,14
232,GALOBART GARCIA,MARTA,29,MARTAITALY@gmail.com,6
233,ALONSO RODRIGUEZ,LUCIA,12,LUCIACANADA@gmail.com,12
234,LOPEZ GARRIGASSAIT,CRISTINA,19,CRISTINAGERMANY@gmail.com,7
235,TORRUELLA GARCIA,TONI,30,TONIUNITED-KINDOM@gmail.com,11
236,LUQUE GARRIGASAIT,VIRGINIA,12,VIRGINIASPAIN@gmail.com,12
237,AYALA TORNE,ALBA,16,ALBAGERMANY@gmail.com,2
238,ARISSA HERMOSO,RICARD,39,RICARDCANADA@gmail.com,1
239,AMIGO MODREGO,ADRIA,26,ADRIACANADA@gmail.com,4
240,GARCIA GONZALEZ,ALEXIA,15,ALEXIAGERMANY@gmail.com,11
241,ALVAREZ PARCERISA,ANDREU,43,ANDREUUNITED-KINDOM@gmail.com,1
242,HERMS GOMEZ,ALEXIA,31,ALEXIAUSA@gmail.com,8
243,AMIGO MODREGO,CRISTINA,40,CRISTINAUNITED-KINDOM@gmail.com,9
244,BLANCO FONTANET,DANIEL,23,DANIELGERMANY@gmail.com,6
245,BARALDES MARTORELL,GERARD,26,GERARDCOREA@gmail.com,5
246,GRANADOS ANDRES,CRISTIAN,39,CRISTIANJAPAN@gmail.com,14
247,RIDO GOMEZ,MONICA,21,MONICASPAIN@gmail.com,10
248,ARPA MORENO,ADRIA,39,ADRIAUSA@gmail.com,6
249,LOPEZ DE PABLO GARCIA UCEDA,MARIA,40,MARIAITALY@gmail.com,15
250,VALLES GIRVENT,ALEXIA,23,ALEXIACANADA@gmail.com,13
251,LOPEZ GARRIGASSAIT,ALEIX,32,ALEIXITALY@gmail.com,2
252,ALINS MULET,DIMAS,21,DIMASFRANCE@gmail.com,2
253,ARNALOT PUIG,SANDRA,27,SANDRACOREA@gmail.com,9
254,VALLES GIRVENT,ANA INES,32,ANA INESGERMANY@gmail.com,8
255,RAYA GAVILAN,JULIA,34,JULIAGERMANY@gmail.com,1
256,AREVALO SANCHEZ,MARIO,25,MARIOGERMANY@gmail.com,11
257,RODRIGUEZ GARCIA,DOUNYA,30,DOUNYASPAIN@gmail.com,4
258,SANTAMARIA FLOTATS,BERTA,42,BERTACANADA@gmail.com,2
259,RAYA GAVILAN,NATALIA,44,NATALIAITALY@gmail.com,14
260,PASCUAL FLORES,CRISTIAN,23,CRISTIANCANADA@gmail.com,12
261,BASTARDAS FRANCH,DAMIA,35,DAMIAJAPAN@gmail.com,1
262,AGUILERA PRAT,IRENE,16,IRENEUNITED-KINDOM@gmail.com,15
263,AGUILERA MERINO,JOAN MARTI,10,JOAN MARTISPAIN@gmail.com,2
264,ALVAREZ PARCERISA,DAVID,20,DAVIDCHINA@gmail.com,6
265,RIDO GOMEZ,GUILLEM,19,GUILLEMUSA@gmail.com,3
266,ALAPONT ICART,DAVID,24,DAVIDSPAIN@gmail.com,3
267,CANELLAS GOMEZ,VALENTI,20,VALENTICHINA@gmail.com,2
268,BARRIGA SOTO,DAVID,18,DAVIDCOREA@gmail.com,9
269,AYALA FERRERAS,MARTA,30,MARTACANADA@gmail.com,13
270,LISTAN FIGUERAS,BERTA,44,BERTASPAIN@gmail.com,12
271,MOLINER GARRIDO,GUILLEM,19,GUILLEMCOREA@gmail.com,14
272,ANGUERA VILAFRANCA,JORDI,30,JORDICHINA@gmail.com,12
273,MOLINER GARRIDO,SANDRA,27,SANDRAITALY@gmail.com,13
274,BLANCO FONTANET,MARC,45,MARCGERMANY@gmail.com,15
275,BOIX GONZALEZ,BEGONYA,14,BEGONYACOREA@gmail.com,7
276,BARRIGA RIU,DAVID,25,DAVIDUSA@gmail.com,13
277,CANO GOMEZ,AGUSTI,32,AGUSTICHINA@gmail.com,15
278,SANTAMARIA FLOTATS,IRENE,28,IRENEFRANCE@gmail.com,2
279,BADIA TORNE,DAVID,31,DAVIDUSA@gmail.com,6
280,LISTAN FIGUERAS,JULIO,43,JULIOGERMANY@gmail.com,12
281,GARCIA ALMOGUERA,RAMON,27,RAMONCHINA@gmail.com,2
282,ARIZA PUIGBO,ERIC,38,ERICGERMANY@gmail.com,8
283,HERMS GOMEZ,GEMMA,11,GEMMAUNITED-KINDOM@gmail.com,7
284,RUEDA ALVAREZ,ADRIA,11,ADRIACHINA@gmail.com,6
285,ASENSIO VEGA,VIRGINIA,31,VIRGINIAFRANCE@gmail.com,10
286,BENITEZ FLORES,GEMMA,45,GEMMAUSA@gmail.com,8
287,MORALES GESE,IRENE,32,IRENECANADA@gmail.com,6
288,HIDALGO ALTIMIRAS,SERGI,20,SERGISPAIN@gmail.com,9
289,BARALDES MONROS,JOSEP,43,JOSEPFRANCE@gmail.com,13
290,AROCA GOMEZ,RICARD,17,RICARDJAPAN@gmail.com,8
291,SANCHEZ GOMEZ,MARC,34,MARCGERMANY@gmail.com,8
292,PARRAMON FLORES,CRISTIAN,43,CRISTIANUSA@gmail.com,9
293,ABDIN TATJE,MARIA ISABEL,10,MARIA ISABELGERMANY@gmail.com,7
294,BARRIGA SOTO,LUCIA,20,LUCIAJAPAN@gmail.com,12
295,BELMONTE SANCHEZ,JOAN MARTI,12,JOAN MARTIITALY@gmail.com,3
296,AGUILERA TATJE,RICARD,27,RICARDCHINA@gmail.com,6
297,LIBORI FIGUERAS,CRISTIAN,24,CRISTIANCANADA@gmail.com,13
298,RODRIGUEZ GARCIA,DANIEL,35,DANIELSPAIN@gmail.com,7
299,BASTARDAS FRANCH,VALENTI,26,VALENTICOREA@gmail.com,6
300,ALVAREZ DOMENECH,VERONICA,29,VERONICACHINA@gmail.com,13
301,ALVAREZ ARMENTEROS,GEMMA,45,GEMMACOREA@gmail.com,2
302,CANELLAS GOMEZ,JULIA,45,JULIACANADA@gmail.com,13
303,BARALDES PARDO,DOUNYA,34,DOUNYAUNITED-KINDOM@gmail.com,12
304,ALVAREZ TROYANO,GERARD,16,GERARDGERMANY@gmail.com,11
305,RAYA GAVILAN,MIREIA,19,MIREIAUSA@gmail.com,15
306,BENITEZ FLORES,VIRGINIA,41,VIRGINIAGERMANY@gmail.com,6
307,BADIA CASTILLO,GEMMA,30,GEMMASPAIN@gmail.com,5
308,BARRIGA TARDA,ERIC,16,ERICGERMANY@gmail.com,14
309,AYALA ALSINA,GEMMA,17,GEMMACANADA@gmail.com,10
310,ARPA MORENO,MARC,10,MARCUSA@gmail.com,6
311,BIDAULT CULLERES,JOAN,31,JOANCHINA@gmail.com,5
312,PASCUAL ALOY,DESIDERIO,38,DESIDERIOJAPAN@gmail.com,9
313,ARPA MORENO,GERARD,28,GERARDFRANCE@gmail.com,3
314,AROCAS PASADAS,GEMMA,10,GEMMASPAIN@gmail.com,4
315,AYALA TORNE,MIREIA,15,MIREIAUSA@gmail.com,3
316,SANTAMARIA FLOTATS,MARIONA,31,MARIONAUNITED-KINDOM@gmail.com,13
317,AGUILAR MASANA,JOAN MARTI,36,JOAN MARTIUNITED-KINDOM@gmail.com,7
318,BADIA TORNE,MIQUEL,29,MIQUELCHINA@gmail.com,1
319,ALTIMIRAS SERAROLS,MARIONA,32,MARIONAFRANCE@gmail.com,5
320,FERRER GASSET,JORDI,37,JORDICANADA@gmail.com,15
321,PORTELLA GISPETS,DESIDERIO,17,DESIDERIOCHINA@gmail.com,14
322,LUQUE GARRIGASAIT,DAMIA,27,DAMIACOREA@gmail.com,2
323,SANCHEZ GOMEZ,MARIA,14,MARIACANADA@gmail.com,14
324,ACUNA TORT,JESUS,32,JESUSUNITED-KINDOM@gmail.com,7
325,MOLINA GARRIDO,VERONICA,40,VERONICASPAIN@gmail.com,6
326,ASENSIO VEGA,ERIC,37,ERICCANADA@gmail.com,15
327,BARALDES PARDO,ALBA,34,ALBACHINA@gmail.com,6
328,AGUILERA MERINO,JOAN,34,JOANITALY@gmail.com,2
329,BARCONS LARA,INGRID,20,INGRIDCOREA@gmail.com,6
330,ALVAREZ ARMENTEROS,ADRIA,30,ADRIAUSA@gmail.com,9
331,ALVAREZ FERNANDEZ,FERRAN,19,FERRANCOREA@gmail.com,13
332,GALOBART GARCIA,MARC,41,MARCITALY@gmail.com,5
333,ALINS MULET,OLIVER,43,OLIVERFRANCE@gmail.com,7
334,ALEU PRAT,ENRIC,39,ENRICUNITED-KINDOM@gmail.com,13
335,ALAVEDRA SUNYE,MIREIA,17,MIREIACANADA@gmail.com,5
336,AGUILAR SUNYE,LAURA,23,LAURACHINA@gmail.com,7
337,AYALA FERRERAS,JORDI,12,JORDICANADA@gmail.com,14
338,AGUILAR RAMOS,RAQUEL,10,RAQUELGERMANY@gmail.com,7
339,AROCAS PASADAS,JAIRO,15,JAIROJAPAN@gmail.com,3
340,BARALDES COMAS,MARIA ISABEL,31,MARIA ISABELCANADA@gmail.com,3
341,MOLINA GARRIDO,MONICA,15,MONICACANADA@gmail.com,1
342,BADIA CASTILLO,MARIA ISABEL,25,MARIA ISABELFRANCE@gmail.com,12
343,BOIX GONZALEZ,JORDI,40,JORDIFRANCE@gmail.com,7
344,LOPEZ GARRIGASSAIT,ESTHER,39,ESTHERFRANCE@gmail.com,6
345,ALONSO RODRIGUEZ,GEMMA,27,GEMMACHINA@gmail.com,6
346,AYALA ALSINA,MARIONA,41,MARIONAUNITED-KINDOM@gmail.com,15
347,MORALES GESE,IRENE,32,IRENECHINA@gmail.com,4
348,AROCA GOMEZ,GERARD,30,GERARDGERMANY@gmail.com,5
349,SANTAMARIA FLOTATS,SERGI,20,SERGIGERMANY@gmail.com,13
350,AGUILERA TATJE,LLUIS,25,LLUISUNITED-KINDOM@gmail.com,9
351,PASCUAL FLORES,CRISTIAN,33,CRISTIANGERMANY@gmail.com,1
352,PASCUAL FLORES,CRISTINA,41,CRISTINACANADA@gmail.com,14
353,BIDAULT PEREZ,LLUIS,26,LLUISSPAIN@gmail.com,8
354,BARALDES PARDO,DANIEL,15,DANIELCHINA@gmail.com,13
355,BARROSO DHAENE,DOUNYA,27,DOUNYAJAPAN@gmail.com,11
356,GALOBART GARCIA,GEMMA,10,GEMMAFRANCE@gmail.com,3
357,ANGUERA VILAFRANCA,DAVID-JESE,45,DAVID-JESEUNITED-KINDOM@gmail.com,12
358,SUAREZ GARZON,FERRAN,32,FERRANUSA@gmail.com,4
359,LISTAN FIGUERAS,VERONICA,40,VERONICAGERMANY@gmail.com,9
360,ARIZA PUIGBO,TONI,12,TONICOREA@gmail.com,3
361,BARRIGA RIU,FERRAN,39,FERRANUNITED-KINDOM@gmail.com,3
362,CANO GOMEZ,QUERALT,14,QUERALTUNITED-KINDOM@gmail.com,15
363,BENITEZ JOSE,ALBA,29,ALBAGERMANY@gmail.com,6
364,VALLES GIRVENT,ALEJANDRO,42,ALEJANDROCANADA@gmail.com,1
365,AYALA FERRERAS,RAQUEL,27,RAQUELUSA@gmail.com,9
366,RASERO GAVILAN,ORIOL,33,ORIOLCOREA@gmail.com,11
367,BOIX GONZALEZ,SANDRA,39,SANDRAUNITED-KINDOM@gmail.com,10
368,ARNAU MORENO,JORDI,10,JORDICHINA@gmail.com,8
369,ALCAIDE MOLINA,ALBA,22,ALBAFRANCE@gmail.com,14
370,HERMS GOMEZ,BEGONYA,16,BEGONYAUNITED-KINDOM@gmail.com,7
371,BARALDES MARTORELL,DIMAS,33,DIMASSPAIN@gmail.com,14
372,BENITEZ FLORES,JOAN,34,JOANGERMANY@gmail.com,9
373,FERRER GASSET,CRISTINA,13,CRISTINACHINA@gmail.com,6
374,GARCIA GONZALEZ,JOAN,21,JOANCOREA@gmail.com,14
375,ANDREU CRUZ,MARC,36,MARCGERMANY@gmail.com,1
376,SANCHEZ GOMEZ,DIMAS,42,DIMASCHINA@gmail.com,2
377,RASERO GAVILAN,GEMMA,44,GEMMACHINA@gmail.com,6
378,AYALA ALSINA,MIQUEL,21,MIQUELCANADA@gmail.com,2
379,VALLES GIRVENT,JORDI,20,JORDIUSA@gmail.com,6
380,GARCIA GONZALEZ,SILVIA,33,SILVIACOREA@gmail.com,12
381,ALEU ICART,MARIA ISABEL,41,MARIA ISABELCHINA@gmail.com,7
382,RAYA GAVILAN,SANDRA,32,SANDRAUNITED-KINDOM@gmail.com,10
383,BASTARDAS FRANCH,MARIA ISABEL,37,MARIA ISABELCANADA@gmail.com,2
384,MOLINA GARRIDO,ALBERT,19,ALBERTGERMANY@gmail.com,1
385,ALAPONT ICART,ALEXIA,45,ALEXIAUSA@gmail.com,2
386,BARRIGA TARDA,RAQUEL,43,RAQUELJAPAN@gmail.com,14
387,AGUILERA MERINO,MARIA,23,MARIAJAPAN@gmail.com,6
388,ALGUE TRANCHO,DAMIA,13,DAMIASPAIN@gmail.com,11
389,BARROSO DHAENE,DAVID-JESE,13,DAVID-JESECHINA@gmail.com,12
390,ZAFRA FIGULS,JOAN,42,JOANGERMANY@gmail.com,7
391,BARROSO DHAENE,CRISTINA,36,CRISTINAUSA@gmail.com,10
392,LISTAN FIGUERAS,ANNA,43,ANNAGERMANY@gmail.com,8
393,PARRAMON FLORES,SERGI,18,SERGIUNITED-KINDOM@gmail.com,3
394,ARPA MORENO,BEGONYA,11,BEGONYACOREA@gmail.com,2
395,CASAS ANDRES,CRISTIAN,32,CRISTIANSPAIN@gmail.com,8
396,LOPEZ GARRIGASSAIT,MARTA,38,MARTAJAPAN@gmail.com,9
397,ARNALOT PUIG,JOSEP,15,JOSEPGERMANY@gmail.com,8
398,ALTIMIRAS ARMENTEROS,SANDRA,17,SANDRAGERMANY@gmail.com,8
399,AROCA GOMEZ,MARIA ISABEL,25,MARIA ISABELITALY@gmail.com,4
400,AGUILERA BAENA,XAVIER,18,XAVIERCOREA@gmail.com,2
401,LUQUE GARRIGASAIT,NATALIA,17,NATALIAITALY@gmail.com,7
402,AROCA GOMEZ,MARTA,10,MARTAUSA@gmail.com,14
403,ALVAREZ FERNANDEZ,AINA,45,AINAFRANCE@gmail.com,12
404,AGUILAR RODRIGUEZ,DAVID,42,DAVIDGERMANY@gmail.com,14
405,ALTIMIRAS SERAROLS,ESTHER,18,ESTHERJAPAN@gmail.com,1
406,MORALES GESE,DAVID,43,DAVIDJAPAN@gmail.com,2
407,TORRUELLA GARCIA,ANNA,41,ANNAITALY@gmail.com,10
408,AROCA GOMEZ,CARLA,21,CARLAJAPAN@gmail.com,14
409,BAEZ TEJADO,MARIA ISABEL,28,MARIA ISABELGERMANY@gmail.com,2
410,BIOSCA FONTANET,JORDI,11,JORDIGERMANY@gmail.com,4
411,BAJONA GARCIA,GUILLEM,10,GUILLEMUNITED-KINDOM@gmail.com,2
412,ASENSIO VEGA,JORDI,19,JORDIGERMANY@gmail.com,9
413,AGUILAR RAMOS,MONICA,32,MONICAUNITED-KINDOM@gmail.com,14
414,TORRESCASANA GARCIA,XAVIER,28,XAVIERCOREA@gmail.com,13
415,TORRESCASANA GARCIA,JESUS,38,JESUSUSA@gmail.com,6
416,BARRIGA RIU,MARIO,32,MARIOSPAIN@gmail.com,4
417,PORTELLA GISPETS,LAURA,27,LAURAUSA@gmail.com,5
418,AYALA ALSINA,JORDI,35,JORDIGERMANY@gmail.com,1
419,BAEZ TEJADO,FERRAN,37,FERRANCANADA@gmail.com,14
420,BENITEZ JOSE,MARC,43,MARCUNITED-KINDOM@gmail.com,1
421,ALVAREZ DOMENECH,JUAN,20,JUANJAPAN@gmail.com,15
422,AGUILAR MASANA,FERRAN,26,FERRANCANADA@gmail.com,4
423,AGUILERA BAENA,JORDI,19,JORDIUNITED-KINDOM@gmail.com,11
424,BENITEZ JOSE,MARIONA,37,MARIONAJAPAN@gmail.com,6
425,GALOBART GARCIA,MARC,41,MARCCHINA@gmail.com,9
426,MAS FRANCH,XAVIER,38,XAVIERGERMANY@gmail.com,12
427,BASTARDAS FRANCH,AINA,36,AINAJAPAN@gmail.com,9
428,MOLINA GARRIDO,GERARD,21,GERARDFRANCE@gmail.com,12
429,HIDALGO ALTIMIRAS,JAIRO,22,JAIROSPAIN@gmail.com,6
430,RIDO GOMEZ,VALENTI,13,VALENTIJAPAN@gmail.com,1
431,AYALA TORNE,ENRIC,10,ENRICGERMANY@gmail.com,3
432,AYALA TORNE,JOSEP,31,JOSEPCHINA@gmail.com,10
433,BADIA TORNE,ALEIX,32,ALEIXCOREA@gmail.com,7
434,RASERO GAVILAN,AGUSTI,26,AGUSTIUSA@gmail.com,1
435,BASTARDES SOTO,MARTA,34,MARTAJAPAN@gmail.com,11
436,ASENSIO VEGA,JUAN,36,JUANUNITED-KINDOM@gmail.com,13
437,AVILA MASJUAN,JOAN,40,JOANCANADA@gmail.com,1
438,AREVALO SANCHEZ,QUERALT,45,QUERALTITALY@gmail.com,3
439,RAYA GAVILAN,INGRID,38,INGRIDFRANCE@gmail.com,14
440,PASCUAL ALOY,VIRGINIA,23,VIRGINIASPAIN@gmail.com,12
441,BOIX GONZALEZ,CRISTIAN,20,CRISTIANITALY@gmail.com,9
442,BARALDES PARDO,MONICA,16,MONICAUSA@gmail.com,8
443,ARIZA PUIGBO,OLIVER,13,OLIVERCHINA@gmail.com,8
444,ZAMBUDIO FIGULS,DESIDERIO,43,DESIDERIOFRANCE@gmail.com,15
445,BARROSO DHAENE,RAMON,12,RAMONGERMANY@gmail.com,1
446,VALLES GIRVENT,MARIA ISABEL,23,MARIA ISABELFRANCE@gmail.com,10
447,BIOSCA FONTANET,ANDREU,18,ANDREUCOREA@gmail.com,8
448,ALVAREZ ARMENTEROS,JOAN,14,JOANSPAIN@gmail.com,12
449,AREVALO SANCHEZ,CRISTIAN,15,CRISTIANUSA@gmail.com,8
450,BARROSO DHAENE,ORIOL,13,ORIOLUNITED-KINDOM@gmail.com,7
451,PASCUAL FLORES,INGRID,14,INGRIDSPAIN@gmail.com,5
452,BARALDES MARTORELL,ESTHER,15,ESTHERUSA@gmail.com,8
453,LIBORI FIGUERAS,DIMAS,33,DIMASITALY@gmail.com,10
454,GARCIA GARCIA,DAVID,40,DAVIDSPAIN@gmail.com,14
455,TORRESCASANA GARCIA,ADRIA,10,ADRIASPAIN@gmail.com,11
456,ALVAREZ FERNANDEZ,IRENE,38,IRENEUNITED-KINDOM@gmail.com,1
457,MORALES GESE,MARC,38,MARCFRANCE@gmail.com,12
458,HERMS GOMEZ,RICARD,38,RICARDGERMANY@gmail.com,6
459,BENITEZ JOSE,JOAN,32,JOANJAPAN@gmail.com,5
460,ABDIN TATJE,ANNA,36,ANNACOREA@gmail.com,3
461,ZAFRA FIGULS,GUILLEM,37,GUILLEMITALY@gmail.com,7
462,ALOY CODINACHS,CRISTINA,27,CRISTINACHINA@gmail.com,3
463,BARALDES PARDO,ESTHER,17,ESTHERUNITED-KINDOM@gmail.com,8
464,BAEZ TEJADO,LAURA,36,LAURACOREA@gmail.com,13
465,ARNAU MORENO,LLUIS,23,LLUISCANADA@gmail.com,2
466,ALONSO RODRIGUEZ,VIRGINIA,15,VIRGINIACOREA@gmail.com,8
467,BENITEZ JOSE,LAURA,35,LAURACOREA@gmail.com,3
468,ALVAREZ PARCERISA,ANTONI,35,ANTONIITALY@gmail.com,2
469,ABDIN TATJE,JOAN,42,JOANCOREA@gmail.com,15
470,VALLES GIRVENT,SILVIA,12,SILVIAJAPAN@gmail.com,9
471,BARRIGA RIU,INGRID,12,INGRIDUNITED-KINDOM@gmail.com,13
472,ALVAREZ ARMENTEROS,LLUIS,21,LLUISUNITED-KINDOM@gmail.com,10
473,MOLINER GARRIDO,MIREIA,17,MIREIAGERMANY@gmail.com,14
474,ALOY FARRANDO,CRISTINA,30,CRISTINASPAIN@gmail.com,3
475,PARRAMON FLORES,GERARD,14,GERARDJAPAN@gmail.com,13
476,ARNALOT PUIG,SANDRA,26,SANDRASPAIN@gmail.com,13
477,RUEDA ALVAREZ,RAQUEL,29,RAQUELJAPAN@gmail.com,4
478,RODRIGUEZ GARCIA,DIMAS,26,DIMASFRANCE@gmail.com,4
479,ARNALOT PUIG,CRISTIAN,41,CRISTIANJAPAN@gmail.com,7
480,ARNALOT PUIG,CARLA,24,CARLAGERMANY@gmail.com,15
481,BENITEZ FLORES,GEMMA,40,GEMMAGERMANY@gmail.com,13
482,BIDAULT PUEYO,IVAN,18,IVANCOREA@gmail.com,15
483,ALGUE TRANCHO,CRISTINA,12,CRISTINASPAIN@gmail.com,3
484,ZAMBUDIO FIGULS,LLUIS,12,LLUISJAPAN@gmail.com,2
485,BAREA DHAENE,SANDRA,45,SANDRACANADA@gmail.com,13
486,AGUILERA PRAT,CRISTINA,25,CRISTINAUSA@gmail.com,10
487,BIOSCA FONTANET,ESTEFANIA,17,ESTEFANIAJAPAN@gmail.com,9
488,AROCA GOMEZ,MARIA ISABEL,14,MARIA ISABELITALY@gmail.com,5
489,BIDAULT PEREZ,SERGI,34,SERGIFRANCE@gmail.com,9
490,ALIGUE BONVEHI,ORIOL,25,ORIOLCANADA@gmail.com,11
491,ALONSO RODRIGUEZ,GEMMA,21,GEMMACANADA@gmail.com,15
492,ALVAREZ DOMENECH,JAIRO,20,JAIROJAPAN@gmail.com,12
493,AGUILAR SUNYE,JULIA,44,JULIACANADA@gmail.com,14
494,PARRAMON FLORES,SERGI,37,SERGIGERMANY@gmail.com,12
495,BARALDES MARTORELL,MARTA,26,MARTASPAIN@gmail.com,3
496,ANGUERA VILAFRANCA,ENRIC,25,ENRICGERMANY@gmail.com,12
497,ALVAREZ ARMENTEROS,MARIO,15,MARIOFRANCE@gmail.com,13
498,BIDAULT PUEYO,JORDI,19,JORDIITALY@gmail.com,4
499,RASERO GAVILAN,ESTEFANIA,30,ESTEFANIAUNITED-KINDOM@gmail.com,4
500,ZAMBUDIO FIGULS,ALEJANDRO,30,ALEJANDROSPAIN@gmail.com,10
501,ALBERICH RODRIGUEZ,GEMMA,32,GEMMAFRANCE@gmail.com,8
502,BELMONTE SANCHEZ,MIREIA,20,MIREIAJAPAN@gmail.com,5
503,BARRIGA TARDA,RAMON,44,RAMONFRANCE@gmail.com,15
504,BENITEZ JOSE,RAMON,39,RAMONJAPAN@gmail.com,7
505,MOLINER GARRIDO,CRISTINA,41,CRISTINAGERMANY@gmail.com,10
506,ALIGUE RIVERA,ADRIA,11,ADRIAITALY@gmail.com,2
507,SUAREZ GARZON,ABEL,45,ABELFRANCE@gmail.com,1
508,AROCAS PASADAS,ANA INES,24,ANA INESJAPAN@gmail.com,12
509,ALINS GONZALEZ,MARIA JOSE,20,MARIA JOSECHINA@gmail.com,12
510,MORALES GESE,BERTA,40,BERTAITALY@gmail.com,4
511,LUQUE GARRIGASAIT,ESTEFANIA,27,ESTEFANIAFRANCE@gmail.com,7
512,ACUNA TORT,MIREIA,14,MIREIAGERMANY@gmail.com,15
513,ALINS MULET,VERONICA,15,VERONICASPAIN@gmail.com,13
514,ARTIGAS MATURANO,AINA,41,AINAITALY@gmail.com,14
515,ALINS GONZALEZ,MONICA,30,MONICACHINA@gmail.com,9
516,LOPEZ GARRIGASSAIT,LAURA,39,LAURACOREA@gmail.com,8
517,BENITEZ FLORES,AGUSTI,16,AGUSTICANADA@gmail.com,15
518,BIDAULT PUEYO,JORDI,37,JORDICANADA@gmail.com,12
519,GALOBART GARCIA,JORDINA,41,JORDINACHINA@gmail.com,3
520,BASTARDAS FRANCH,ENRIC,43,ENRICITALY@gmail.com,8
521,BARRIGA SOTO,MARTA,44,MARTAUSA@gmail.com,8
522,PASCUAL ALOY,AGUSTI,42,AGUSTICHINA@gmail.com,2
523,BLANCO FONTANET,MARIA,24,MARIAUSA@gmail.com,6
524,ALVAREZ PARCERISA,LAURA,12,LAURAGERMANY@gmail.com,10
525,LISTAN FIGUERAS,MARTA,17,MARTAUSA@gmail.com,15
526,ALEU ICART,SANDRA,15,SANDRACOREA@gmail.com,5
527,ALOY FARRANDO,ADRIA,27,ADRIAUNITED-KINDOM@gmail.com,4
528,ARPA MORENO,VIRGINIA,17,VIRGINIAFRANCE@gmail.com,5
529,BASTARDES SOTO,RICARD,14,RICARDCOREA@gmail.com,14
530,BAEZ TEJADO,ESTEFANIA,21,ESTEFANIACOREA@gmail.com,13
531,ALVAREZ DOMENECH,RAMON,17,RAMONITALY@gmail.com,1
532,BARRIGA SOTO,ESTHER,34,ESTHERCOREA@gmail.com,6
533,ALVAREZ ARMENTEROS,SANDRA,24,SANDRACHINA@gmail.com,3
534,BARALDES PARDO,DAMIA,14,DAMIACHINA@gmail.com,8
535,PASCUAL FLORES,ESTHER,45,ESTHERUNITED-KINDOM@gmail.com,9
536,ABADIAS MASANA,CRISTINA,12,CRISTINASPAIN@gmail.com,4
537,BARRIGA SOTO,ELOI,37,ELOIUNITED-KINDOM@gmail.com,4
538,ALINS GONZALEZ,JORDI,25,JORDIGERMANY@gmail.com,5
539,BAEZ TEJADO,LAURA,31,LAURAUSA@gmail.com,15
540,AVILA MASJUAN,ALBERT,10,ALBERTCHINA@gmail.com,2
541,ABDIN TATJE,MARC,44,MARCSPAIN@gmail.com,13
542,AROCA GOMEZ,RICARD,21,RICARDSPAIN@gmail.com,12
543,ALVAREZ TROYANO,VALENTI,33,VALENTICHINA@gmail.com,2
544,ALCAIDE MOLINA,CARLA,24,CARLACHINA@gmail.com,3
545,BERENGUERAS CULLERES,JULIO,18,JULIOUSA@gmail.com,15
546,TORRUELLA GARCIA,MARC,20,MARCCANADA@gmail.com,3
547,BAREA DHAENE,MARC,18,MARCCANADA@gmail.com,11
548,CANO GOMEZ,ALBERT,33,ALBERTUNITED-KINDOM@gmail.com,2
549,ARISSA HERMOSO,LAURA,14,LAURACANADA@gmail.com,13
550,ALVAREZ ARMENTEROS,MIREIA,34,MIREIAGERMANY@gmail.com,3
551,LOPEZ GARRIGASSAIT,RAQUEL,37,RAQUELGERMANY@gmail.com,15
552,CANELLAS GOMEZ,INGRID,15,INGRIDGERMANY@gmail.com,10
553,GARCIA ALMOGUERA,ADRIA,28,ADRIAUSA@gmail.com,4
554,ARIZA PUIGBO,MIREIA,32,MIREIAUSA@gmail.com,6
555,CASAS ANDRES,MARC,31,MARCCOREA@gmail.com,4
556,ARIZA PUIGBO,DIMAS,39,DIMASUSA@gmail.com,9
557,BOIX GONZALEZ,LAURA,31,LAURAFRANCE@gmail.com,8
558,ALAVEDRA SUNYE,GEMMA,35,GEMMAITALY@gmail.com,1
559,AREVALO SANCHEZ,ADRIA,36,ADRIACANADA@gmail.com,3
560,BARALDES MARTORELL,ALEIX,36,ALEIXUSA@gmail.com,13
561,ALTIMIRAS SERAROLS,VIRGINIA,35,VIRGINIAJAPAN@gmail.com,1
562,AMIGO MODREGO,CRISTIAN,24,CRISTIANUSA@gmail.com,9
563,BARROSO DHAENE,AINA,44,AINASPAIN@gmail.com,15
564,MOLINA GARRIDO,RICARD,11,RICARDCANADA@gmail.com,3
565,BERENGUERAS CULLERES,MARTA,20,MARTASPAIN@gmail.com,2
566,AGUILAR SUNYE,AINA,22,AINAUSA@gmail.com,15
567,BENITEZ JOSE,GEMMA,36,GEMMACHINA@gmail.com,13
568,BIDAULT PEREZ,CRISTINA,15,CRISTINAGERMANY@gmail.com,13
569,RODRIGUEZ GARCIA,BERTA,25,BERTACANADA@gmail.com,9
570,ALIGUE BONVEHI,JORDI,28,JORDIUSA@gmail.com,8
571,ABADIAS MASANA,FERRAN,31,FERRANITALY@gmail.com,5
572,ALOY CODINACHS,RICARD,15,RICARDUSA@gmail.com,12
573,ANDREU CRUZ,ESTEFANIA,16,ESTEFANIAGERMANY@gmail.com,2
574,BIOSCA FONTANET,CARLA,44,CARLASPAIN@gmail.com,11
575,LOPEZ DE PABLO GARCIA UCEDA,MARIA NOELIA,25,MARIA NOELIAITALY@gmail.com,7
576,ASENSIO VEGA,MARIA ISABEL,39,MARIA ISABELSPAIN@gmail.com,10
577,BASTARDES SOTO,ANTONI,19,ANTONIGERMANY@gmail.com,7
578,RIDO GOMEZ,JORDI,20,JORDIUSA@gmail.com,11
579,AGUILAR RAMOS,MARTA,10,MARTAUSA@gmail.com,4
580,AYALA TORNE,CARLA,25,CARLAJAPAN@gmail.com,12
581,ZAMBUDIO FIGULS,GERARD,38,GERARDFRANCE@gmail.com,13
582,LIBORI FIGUERAS,MARIO,12,MARIOCHINA@gmail.com,2
583,ANDREU CRUZ,BEGONYA,37,BEGONYAUNITED-KINDOM@gmail.com,3
584,ALONSO RODRIGUEZ,ADRIA,11,ADRIAUNITED-KINDOM@gmail.com,2
585,BARRIGA TARDA,SILVIA,32,SILVIACANADA@gmail.com,7
586,ALVAREZ FERNANDEZ,JORDI,31,JORDIFRANCE@gmail.com,3
587,BERENGUERAS CULLERES,DAVID-JESE,14,DAVID-JESEFRANCE@gmail.com,2
588,ALONSO RODRIGUEZ,CRISTIAN,20,CRISTIANUNITED-KINDOM@gmail.com,9
589,LISTAN FIGUERAS,MARTA,22,MARTAJAPAN@gmail.com,6
590,ALOY CODINACHS,ELOI,26,ELOIFRANCE@gmail.com,4
591,PASCUAL ALOY,FERRAN,25,FERRANCANADA@gmail.com,2
592,ASENSIO VEGA,ALEXIA,35,ALEXIACANADA@gmail.com,6
593,GRANADOS ANDRES,ALEXIA,24,ALEXIAJAPAN@gmail.com,3
594,ANGUERA VILAFRANCA,AGUSTI,36,AGUSTIUSA@gmail.com,5
595,SUAREZ GARZON,LLUIS,23,LLUISUSA@gmail.com,5
596,BERENGUERAS CULLERES,JORDI,22,JORDIUSA@gmail.com,9
597,ALEU PRAT,CARLA,43,CARLAJAPAN@gmail.com,13
598,GARCIA ALMOGUERA,ELOI,32,ELOICOREA@gmail.com,12
599,BARALDES PARDO,ANDREU,31,ANDREUCANADA@gmail.com,9
600,ACUNA TORT,ANDREU,18,ANDREUCHINA@gmail.com,6
601,MOLINER GARRIDO,JOAN,35,JOANGERMANY@gmail.com,13
602,ALAPONT ICART,SERGI,16,SERGIFRANCE@gmail.com,5
603,ACUNA TORT,MARTA,44,MARTAUSA@gmail.com,14
604,AROCA GOMEZ,LLUIS,28,LLUISSPAIN@gmail.com,4
605,ALONSO RODRIGUEZ,ALEIX,18,ALEIXITALY@gmail.com,4
606,BENITEZ JOSE,DAVID,43,DAVIDUSA@gmail.com,14
607,RASERO GAVILAN,CRISTINA,12,CRISTINAUSA@gmail.com,13
608,BARRIGA SOTO,ABEL,14,ABELCANADA@gmail.com,10
609,AGUILAR MASANA,MARIA,11,MARIAUSA@gmail.com,15
610,AROCA GOMEZ,JOSE ANTONIO,25,JOSE ANTONIOCOREA@gmail.com,7
611,CANELLAS GOMEZ,DAVID,13,DAVIDCANADA@gmail.com,4
612,BOIX GONZALEZ,MARIO,31,MARIOCANADA@gmail.com,10
613,ARIZA PUIGBO,JULIA,38,JULIAJAPAN@gmail.com,11
614,BIOSCA FONTANET,ANA INES,36,ANA INESFRANCE@gmail.com,9
615,AREVALO SANCHEZ,MARIA JOSE,33,MARIA JOSESPAIN@gmail.com,14
616,BARALDES COMAS,ADRIA,45,ADRIAUSA@gmail.com,5
617,LUQUE GARRIGASAIT,DAMIA,19,DAMIAGERMANY@gmail.com,9
618,MORALES GESE,JESUS,12,JESUSSPAIN@gmail.com,9
619,BARROSO DHAENE,MARIA,24,MARIAFRANCE@gmail.com,15
620,BARALDES COMAS,ANA INES,14,ANA INESSPAIN@gmail.com,7
621,BARCONS LARA,BERTA,35,BERTACOREA@gmail.com,2
622,AGUILAR SUNYE,DIMAS,17,DIMASCHINA@gmail.com,6
623,BASTARDAS FRANCH,NATALIA,14,NATALIAGERMANY@gmail.com,5
624,MOLINA GARRIDO,GEMMA,21,GEMMAUSA@gmail.com,2
625,RASERO GAVILAN,JOAN,43,JOANCHINA@gmail.com,15
626,AGUILAR RODRIGUEZ,GERARD,45,GERARDJAPAN@gmail.com,2
627,ALVAREZ PARCERISA,GERARD,41,GERARDCANADA@gmail.com,13
628,ALBERICH RODRIGUEZ,RAMON,42,RAMONUSA@gmail.com,7
629,AROCA GOMEZ,JOAN,22,JOANUNITED-KINDOM@gmail.com,14
630,FERRER GASSET,FERRAN,28,FERRANGERMANY@gmail.com,7
631,PORTELLA GISPETS,VERONICA,21,VERONICAUSA@gmail.com,11
632,LUQUE GARRIGASAIT,XAVIER,30,XAVIERCANADA@gmail.com,7
633,ALVAREZ DOMENECH,DIMAS,38,DIMASCANADA@gmail.com,1
634,AGUILAR MASANA,RAMON,10,RAMONCHINA@gmail.com,11
635,ALBERICH RODRIGUEZ,DAMIA,41,DAMIAFRANCE@gmail.com,3
636,ALTIMIRAS SERAROLS,LAURA,42,LAURAITALY@gmail.com,4
637,ALVAREZ PARCERISA,MIREIA,25,MIREIACOREA@gmail.com,7
638,ALAVEDRA SUNYE,ADRIA,15,ADRIACHINA@gmail.com,8
639,ALEU PRAT,MARIONA,10,MARIONAUSA@gmail.com,13
640,ALOY FARRANDO,CARLOS,13,CARLOSGERMANY@gmail.com,1
641,GARCIA GARCIA,MIREIA,19,MIREIACHINA@gmail.com,2
642,LIBORI FIGUERAS,JOAN,24,JOANUSA@gmail.com,6
643,ANDREU CRUZ,JOAN,25,JOANCANADA@gmail.com,7
644,AREVALO SANCHEZ,SILVIA,40,SILVIACHINA@gmail.com,2
645,PARRAMON FLORES,SILVIA,38,SILVIAGERMANY@gmail.com,2
646,CASAS ANDRES,JOSEP,40,JOSEPJAPAN@gmail.com,4
647,ARIZA PUIGBO,JOAN,38,JOANSPAIN@gmail.com,4
648,ARIZA PUIGBO,IVAN,19,IVANFRANCE@gmail.com,12
649,ALVAREZ ARMENTEROS,MIREIA,42,MIREIACHINA@gmail.com,3
650,ALEU ICART,GEMMA,42,GEMMACHINA@gmail.com,4
651,BAREA DHAENE,GEMMA,16,GEMMACHINA@gmail.com,5
652,ALONSO RODRIGUEZ,JOAN,27,JOANGERMANY@gmail.com,15
653,GALOBART GARCIA,JOAN,38,JOANUSA@gmail.com,15
654,ALOY CODINACHS,ADRIA,37,ADRIAGERMANY@gmail.com,3
655,BENITEZ JOSE,DAVID,17,DAVIDITALY@gmail.com,13
656,ABDIN TATJE,ADRIA,43,ADRIACHINA@gmail.com,10
657,LOPEZ GARRIGASSAIT,JORDI,33,JORDIFRANCE@gmail.com,3
658,BARRIGA SOTO,XAVIER,28,XAVIERCHINA@gmail.com,15
659,BADIA TORNE,MARIA JOSE,40,MARIA JOSEUNITED-KINDOM@gmail.com,2
660,AMIGO MODREGO,ALEIX,27,ALEIXUSA@gmail.com,8
661,ARISSA HERMOSO,MIREIA,21,MIREIAUNITED-KINDOM@gmail.com,5
662,GARCIA ALMOGUERA,GEMMA,40,GEMMAGERMANY@gmail.com,15
663,ACUNA TORT,ADRIA,20,ADRIACOREA@gmail.com,11
664,AGUILAR RAMOS,MARIA NOELIA,20,MARIA NOELIAITALY@gmail.com,3
665,BADIA CASTILLO,DANIEL,39,DANIELCOREA@gmail.com,7
666,BARRIGA RIU,ARAN,37,ARANCOREA@gmail.com,9
667,HERMS GOMEZ,CRISTINA,37,CRISTINACANADA@gmail.com,10
668,MORALES GESE,DIMAS,13,DIMASUSA@gmail.com,10
669,ALINS MULET,VALENTI,42,VALENTIGERMANY@gmail.com,8
670,AREVALO SANCHEZ,CRISTIAN,14,CRISTIANGERMANY@gmail.com,12
671,ALINS GONZALEZ,GERARD,28,GERARDCANADA@gmail.com,3
672,TORRUELLA GARCIA,JOAN MARTI,26,JOAN MARTICANADA@gmail.com,4
673,GRANADOS ANDRES,JUAN,24,JUANSPAIN@gmail.com,9
674,ANDREU CRUZ,SANDRA,30,SANDRAUNITED-KINDOM@gmail.com,14
675,BARCONS LARA,MARTA,34,MARTAUNITED-KINDOM@gmail.com,3
676,AROCAS PASADAS,MARC,42,MARCFRANCE@gmail.com,9
677,TORRUELLA GARCIA,MIQUEL,45,MIQUELITALY@gmail.com,11
678,BARALDES COMAS,MARIONA,19,MARIONACOREA@gmail.com,15
679,BARALDES PARDO,JOAN MARTI,30,JOAN MARTIFRANCE@gmail.com,13
680,GARCIA GARCIA,SILVIA,23,SILVIAITALY@gmail.com,8
681,ALIGUE RIVERA,DAVID,12,DAVIDSPAIN@gmail.com,9
682,ALEU ICART,GEMMA,22,GEMMASPAIN@gmail.com,13
683,AVILA MASJUAN,DIMAS,39,DIMASJAPAN@gmail.com,2
684,MORALES GESE,DANIEL,41,DANIELITALY@gmail.com,4
685,SANCHEZ GOMEZ,SILVIA,35,SILVIAJAPAN@gmail.com,12
686,ARMENCOT PUIG,CRISTIAN,43,CRISTIANCHINA@gmail.com,1
687,FERRER GASSET,MIQUEL,37,MIQUELITALY@gmail.com,7
688,ALTIMIRAS SERAROLS,ARAN,43,ARANGERMANY@gmail.com,6
689,MOLINER GARRIDO,DAVID,34,DAVIDUSA@gmail.com,13
690,BASTARDAS FRANCH,BEGONYA,39,BEGONYAUSA@gmail.com,8
691,BLANCO FONTANET,ADRIA,13,ADRIASPAIN@gmail.com,15
692,PARRAMON FLORES,RICARD,26,RICARDFRANCE@gmail.com,1
693,ALVAREZ ARMENTEROS,MIQUEL,25,MIQUELUNITED-KINDOM@gmail.com,7
694,HIDALGO ALTIMIRAS,MARC,28,MARCUNITED-KINDOM@gmail.com,10
695,LOPEZ DE PABLO GARCIA UCEDA,ALEIX,30,ALEIXJAPAN@gmail.com,12
696,GRANADOS ANDRES,MARTA,42,MARTACOREA@gmail.com,7
697,SANTAMARIA FLOTATS,JORDI,26,JORDISPAIN@gmail.com,15
698,BELMONTE SANCHEZ,ENRIC,11,ENRICSPAIN@gmail.com,11
699,AYALA FERRERAS,MARTA,26,MARTACANADA@gmail.com,9
700,ALVAREZ PARCERISA,ESTEFANIA,33,ESTEFANIACOREA@gmail.com,7
701,BARRIGA SOTO,RAQUEL,12,RAQUELCHINA@gmail.com,4
702,BARROSO DHAENE,DAVID-JESE,36,DAVID-JESEUSA@gmail.com,3
703,BASTARDAS FRANCH,ERIC,27,ERICUSA@gmail.com,13
704,GRANADOS ANDRES,LAURA,31,LAURAUSA@gmail.com,14
705,BIDAULT PEREZ,ANA INES,13,ANA INESITALY@gmail.com,15
706,VISO GILABERT,BERTA,40,BERTASPAIN@gmail.com,5
707,LISTAN FIGUERAS,GUILLEM,17,GUILLEMGERMANY@gmail.com,4
708,BENITEZ JOSE,JOAN,38,JOANCOREA@gmail.com,8
709,BLANCO FONTANET,ALEIX,45,ALEIXGERMANY@gmail.com,14
710,ZAFRA FIGULS,ALEIX,19,ALEIXGERMANY@gmail.com,10
711,AYALA ALSINA,ANA INES,37,ANA INESJAPAN@gmail.com,3
712,PORTELLA GISPETS,LAURA,40,LAURAITALY@gmail.com,14
713,ALTIMIRAS ARMENTEROS,MIQUEL,42,MIQUELCANADA@gmail.com,13
714,AGUILAR MASANA,MARIA,25,MARIAGERMANY@gmail.com,3
715,FERRER GASSET,JOSEP,34,JOSEPJAPAN@gmail.com,12
716,ALAPONT ICART,SERGI,42,SERGIUNITED-KINDOM@gmail.com,12
717,HIDALGO ALTIMIRAS,MARIA NOELIA,31,MARIA NOELIAUNITED-KINDOM@gmail.com,4
718,ALVAREZ TROYANO,RAQUEL,40,RAQUELFRANCE@gmail.com,1
719,BELMONTE SANCHEZ,RICARD,13,RICARDCHINA@gmail.com,5
720,ALVAREZ TROYANO,MARC,22,MARCCOREA@gmail.com,15
721,FERRER GASSET,ESTEFANIA,40,ESTEFANIAUNITED-KINDOM@gmail.com,6
722,ALAVEDRA SUNYE,BEGONYA,18,BEGONYAFRANCE@gmail.com,7
723,BOIX GONZALEZ,MARTA,44,MARTAUSA@gmail.com,3
724,AROCAS PASADAS,CRISTINA,18,CRISTINAUNITED-KINDOM@gmail.com,11
725,ALVAREZ FERNANDEZ,CRISTINA,35,CRISTINAFRANCE@gmail.com,10
726,BASTARDAS FRANCH,DANIEL,16,DANIELCANADA@gmail.com,3
727,GALOBART GARCIA,IVAN,23,IVANUNITED-KINDOM@gmail.com,14
728,GARCIA GARCIA,DANIEL,30,DANIELJAPAN@gmail.com,8
729,RUEDA ALVAREZ,DAMIA,20,DAMIAGERMANY@gmail.com,3
730,AGUILERA MERINO,LAURA,18,LAURACOREA@gmail.com,15
731,GARCIA GONZALEZ,ANTONI,18,ANTONIUSA@gmail.com,5
732,ARPA MORENO,MARIA NOELIA,37,MARIA NOELIAFRANCE@gmail.com,4
733,ALCAIDE MOLINA,MARIA JOSE,27,MARIA JOSEFRANCE@gmail.com,1
734,SANTAMARIA FLOTATS,ALBA,37,ALBAUSA@gmail.com,15
735,LOPEZ GARRIGASSAIT,MIREIA,43,MIREIASPAIN@gmail.com,4
736,AYALA FERRERAS,DAMIA,40,DAMIACHINA@gmail.com,1
737,ALEU PRAT,ELOI,27,ELOICOREA@gmail.com,7
738,ALVAREZ DOMENECH,GERARD,38,GERARDCANADA@gmail.com,5
739,ZAFRA FIGULS,FERRAN,31,FERRANCANADA@gmail.com,12
740,BELMONTE SANCHEZ,ANNA,31,ANNASPAIN@gmail.com,11
741,BARALDES MONROS,ENRIC,45,ENRICSPAIN@gmail.com,7
742,HIDALGO ALTIMIRAS,CRISTINA,34,CRISTINAGERMANY@gmail.com,7
743,BAEZ TEJADO,MARIA,34,MARIAUNITED-KINDOM@gmail.com,12
744,ANGUERA VILAFRANCA,JULIO ALBERTO,10,JULIO ALBERTOJAPAN@gmail.com,1
745,GALOBART GARCIA,JULIA,26,JULIAGERMANY@gmail.com,9
746,ZAFRA FIGULS,GUILLEM,25,GUILLEMCOREA@gmail.com,10
747,ALVAREZ DOMENECH,GERARD,36,GERARDCANADA@gmail.com,5
748,MOLINER GARRIDO,ARAN,29,ARANGERMANY@gmail.com,14
749,BAJONA GARCIA,ALEXIA,39,ALEXIACHINA@gmail.com,4
750,ALVAREZ DOMENECH,VALENTI,28,VALENTIFRANCE@gmail.com,14
751,ALVAREZ DOMENECH,JULIO,23,JULIOITALY@gmail.com,8
752,ARNAU MORENO,DANIEL,24,DANIELGERMANY@gmail.com,8
753,ASENSIO VEGA,JOSEP,29,JOSEPUNITED-KINDOM@gmail.com,10
754,ARNAU MORENO,ELIOT,39,ELIOTITALY@gmail.com,15
755,AGUILAR RAMOS,ESTHER,13,ESTHERSPAIN@gmail.com,15
756,AGUILAR SUNYE,VALENTI,17,VALENTIUSA@gmail.com,7
757,ALOY CODINACHS,DAVID,42,DAVIDFRANCE@gmail.com,6
758,AGUILERA BAENA,JULIO,14,JULIOJAPAN@gmail.com,14
759,SANCHEZ GOMEZ,CRISTINA,13,CRISTINACOREA@gmail.com,14
760,BARALDES MARTORELL,ADRIA,26,ADRIAFRANCE@gmail.com,8
761,GARCIA GONZALEZ,JOAN,15,JOANITALY@gmail.com,10
762,BOIX GONZALEZ,MARIO,31,MARIOCANADA@gmail.com,5
763,MORALES GESE,JORDI,12,JORDIITALY@gmail.com,12
764,SUAREZ GARZON,ELOI,44,ELOIJAPAN@gmail.com,7
765,ANDREU CRUZ,BERTA,31,BERTAUNITED-KINDOM@gmail.com,12
766,ALINS GONZALEZ,ESTEFANIA,19,ESTEFANIASPAIN@gmail.com,1
767,RUEDA ALVAREZ,MARIO,30,MARIOFRANCE@gmail.com,7
768,AGUILERA BAENA,ALEJANDRO,19,ALEJANDROUNITED-KINDOM@gmail.com,1
769,BARRIGA TARDA,CRISTINA,42,CRISTINAITALY@gmail.com,6
770,BARRIGA SOTO,ANDREU,35,ANDREUITALY@gmail.com,10
771,MORALES GESE,BERTA,38,BERTAJAPAN@gmail.com,4
772,ALCAIDE MOLINA,XAVIER,43,XAVIERCOREA@gmail.com,13
773,PARRAMON FLORES,DIMAS,40,DIMASITALY@gmail.com,10
774,ALVAREZ DOMENECH,JUAN,20,JUANCOREA@gmail.com,9
775,ALBERICH RODRIGUEZ,INGRID,11,INGRIDGERMANY@gmail.com,15
776,BIDAULT PEREZ,RAMON,38,RAMONITALY@gmail.com,10
777,BARRIGA RIU,MARTA,18,MARTACOREA@gmail.com,4
778,AGUILAR SUNYE,GEMMA,32,GEMMACOREA@gmail.com,14
779,BARALDES PARDO,JOAN,42,JOANSPAIN@gmail.com,3
780,PORTELLA GISPETS,GERARD,32,GERARDCOREA@gmail.com,9
781,AGUILAR SUNYE,JULIO ALBERTO,29,JULIO ALBERTOGERMANY@gmail.com,11
782,LOPEZ DE PABLO GARCIA UCEDA,ADRIA,32,ADRIAJAPAN@gmail.com,15
783,RASERO GAVILAN,MARC,21,MARCCOREA@gmail.com,6
784,VISO GILABERT,RAQUEL,22,RAQUELCANADA@gmail.com,8
785,ALVAREZ PARCERISA,JOAN MARTI,44,JOAN MARTICANADA@gmail.com,1
786,AGUILAR RAMOS,JUAN,40,JUANJAPAN@gmail.com,9
787,AGUILAR SUNYE,INGRID,18,INGRIDCANADA@gmail.com,3
788,RUEDA ALVAREZ,BERTA,43,BERTACOREA@gmail.com,1
789,FERRER GASSET,LAURA,20,LAURAUSA@gmail.com,13
790,BARRIGA TARDA,LUCIA,30,LUCIAUNITED-KINDOM@gmail.com,11
791,ALOY COMPTE,DAVID,35,DAVIDFRANCE@gmail.com,14
792,ARTIGAS MATURANO,OLIVER,37,OLIVERCANADA@gmail.com,9
793,CANO GOMEZ,CRISTIAN,21,CRISTIANJAPAN@gmail.com,11
794,BAJONA GARCIA,CRISTIAN,38,CRISTIANSPAIN@gmail.com,13
795,BAEZ TEJADO,MARC,35,MARCFRANCE@gmail.com,3
796,ARISSA HERMOSO,RAQUEL,21,RAQUELITALY@gmail.com,6
797,AGUILAR RAMOS,BERTA,45,BERTASPAIN@gmail.com,4
798,ALONSO RODRIGUEZ,MARC,10,MARCITALY@gmail.com,6
799,AGUILAR RODRIGUEZ,MARC,12,MARCUSA@gmail.com,7
800,VALLES GIRVENT,VIRGINIA,35,VIRGINIAFRANCE@gmail.com,12
801,RIVERO FLORIDO,GERARD,38,GERARDCOREA@gmail.com,2
802,RODRIGUEZ GARCIA,OLIVER,30,OLIVERUSA@gmail.com,4
803,AGUILERA BAENA,OLIVER,26,OLIVERFRANCE@gmail.com,2
804,AGUILERA BAENA,GEMMA,32,GEMMAFRANCE@gmail.com,12
805,AROCA GOMEZ,GEMMA,36,GEMMAUNITED-KINDOM@gmail.com,12
806,MAS FRANCH,MARIA JOSE,27,MARIA JOSEGERMANY@gmail.com,1
807,AREVALO SANCHEZ,JULIO ALBERTO,37,JULIO ALBERTOCOREA@gmail.com,8
808,AGUILAR MASANA,ABEL,32,ABELITALY@gmail.com,7
809,ALIGUE BONVEHI,CARLA,25,CARLACHINA@gmail.com,12
810,BENITEZ JOSE,MARC,19,MARCCANADA@gmail.com,10
811,RAYA GAVILAN,CRISTIAN,12,CRISTIANGERMANY@gmail.com,7
812,ALIGUE BONVEHI,JOAN,11,JOANUSA@gmail.com,11
813,ARNALOT PUIG,JORDINA,35,JORDINAITALY@gmail.com,10
814,ALTIMIRAS SERAROLS,MARIONA,41,MARIONACOREA@gmail.com,8
815,AGUILAR RAMOS,JOAN,44,JOANSPAIN@gmail.com,5
816,AYALA FERRERAS,GEMMA,14,GEMMACANADA@gmail.com,15
817,AREVALO SANCHEZ,MARC,36,MARCSPAIN@gmail.com,12
818,MOLINA GARRIDO,INGRID,43,INGRIDCHINA@gmail.com,10
819,ALBERICH RODRIGUEZ,ALEXIA,39,ALEXIACHINA@gmail.com,4
820,BARRIGA RIU,DOUNYA,11,DOUNYAUNITED-KINDOM@gmail.com,9
821,AVILA MASJUAN,BEGONYA,23,BEGONYAITALY@gmail.com,12
822,BARRIGA SOTO,DAVID,10,DAVIDFRANCE@gmail.com,5
823,RIVERO FLORIDO,LUCIA,42,LUCIACHINA@gmail.com,11
824,BIDAULT PEREZ,MARIO,11,MARIOGERMANY@gmail.com,2
825,AREVALO SANCHEZ,ERIC,39,ERICCOREA@gmail.com,2
826,ALOY FARRANDO,MARIA NOELIA,11,MARIA NOELIAUNITED-KINDOM@gmail.com,7
827,GARCIA ALMOGUERA,FERRAN,17,FERRANCANADA@gmail.com,4
828,SANTAMARIA FLOTATS,MARC,16,MARCGERMANY@gmail.com,8
829,BOIX GONZALEZ,SERGI,15,SERGIJAPAN@gmail.com,14
830,GARCIA GARCIA,JUAN,36,JUANCHINA@gmail.com,1
831,AYALA ALSINA,ALEIX,29,ALEIXCANADA@gmail.com,5
832,HERMS GOMEZ,ANDREU,25,ANDREUITALY@gmail.com,5
833,BARROSO DHAENE,ADRIA,34,ADRIAGERMANY@gmail.com,15
834,ARNAU MORENO,DAVID-JESE,19,DAVID-JESEGERMANY@gmail.com,15
835,AGUILERA BAENA,MARIO,43,MARIOUSA@gmail.com,3
836,BARALDES PARDO,ALBERT,11,ALBERTCHINA@gmail.com,3
837,BERENGUERAS CULLERES,AGUSTI,22,AGUSTIUSA@gmail.com,4
838,BARALDES TARRAGO,INGRID,33,INGRIDFRANCE@gmail.com,15
839,AGUILERA PRAT,JULIO,18,JULIOCHINA@gmail.com,15
840,TORRUELLA GARCIA,MARTA,41,MARTACHINA@gmail.com,1
841,CANELLAS GOMEZ,MARIONA,36,MARIONAFRANCE@gmail.com,11
842,BENITEZ JOSE,DAVID,33,DAVIDSPAIN@gmail.com,9
843,RAYA GARCIA,JOAN,33,JOANUSA@gmail.com,2
844,ALIGUE RIVERA,JULIO,38,JULIOUSA@gmail.com,4
845,ABADIAS MASANA,DAMIA,36,DAMIAUSA@gmail.com,11
846,RAYA GAVILAN,CRISTIAN,39,CRISTIANSPAIN@gmail.com,5
847,ARPA MORENO,JULIO,34,JULIOCANADA@gmail.com,8
848,SUAREZ GARZON,ELOI,13,ELOIUSA@gmail.com,12
849,BIDAULT CULLERES,ANDREU,22,ANDREUSPAIN@gmail.com,14
850,FERRER GASSET,MIQUEL,40,MIQUELCANADA@gmail.com,14
851,BADIA CASTILLO,LAURA,15,LAURAITALY@gmail.com,11
852,BERENGUERAS CULLERES,SILVIA,30,SILVIAITALY@gmail.com,2
853,ARISSA HERMOSO,ARAN,37,ARANFRANCE@gmail.com,9
854,PASCUAL FLORES,ESTEFANIA,33,ESTEFANIACANADA@gmail.com,9
855,BENITEZ FLORES,CRISTINA,40,CRISTINAITALY@gmail.com,12
856,BARALDES COMAS,MARC,25,MARCCANADA@gmail.com,15
857,AROCA GOMEZ,MONICA,31,MONICAFRANCE@gmail.com,2
858,VISO GILABERT,ADRIA,45,ADRIACHINA@gmail.com,10
859,AGUILAR SUNYE,GUILLEM,37,GUILLEMCHINA@gmail.com,1
860,ALEU ICART,JESUS,44,JESUSCANADA@gmail.com,12
861,ALAVEDRA SUNYE,MARIA JOSE,15,MARIA JOSECHINA@gmail.com,8
862,ALEU PRAT,NATALIA,10,NATALIASPAIN@gmail.com,12
863,AYALA FERRERAS,JOAN,30,JOANJAPAN@gmail.com,7
864,LOPEZ DE PABLO GARCIA UCEDA,JESUS,15,JESUSCANADA@gmail.com,15
865,ARTIGAS MATURANO,VIRGINIA,12,VIRGINIAGERMANY@gmail.com,4
866,ARPA MORENO,ADRIA,22,ADRIAGERMANY@gmail.com,14
867,BARALDES MONROS,JULIA,27,JULIACANADA@gmail.com,12
868,PORTELLA GISPETS,VALENTI,26,VALENTIUNITED-KINDOM@gmail.com,3
869,ALGUE TRANCHO,JULIA,34,JULIASPAIN@gmail.com,7
870,PASCUAL ALOY,JOAN,23,JOANCHINA@gmail.com,6
871,GRANADOS ANDRES,ARAN,18,ARANFRANCE@gmail.com,6
872,AMIGO MODREGO,IVAN,42,IVANCOREA@gmail.com,5
873,BERENGUERAS CULLERES,RAQUEL,14,RAQUELJAPAN@gmail.com,8
874,AVILA MASJUAN,INGRID,36,INGRIDCOREA@gmail.com,15
875,BARALDES TARRAGO,JESUS,43,JESUSSPAIN@gmail.com,1
876,PORTELLA GISPETS,VIRGINIA,45,VIRGINIAUNITED-KINDOM@gmail.com,10
877,BARRIGA SOTO,MONICA,36,MONICAITALY@gmail.com,11
878,ALOY CODINACHS,JOAN,26,JOANFRANCE@gmail.com,10
879,AYALA FERRERAS,DAVID-JESE,10,DAVID-JESECANADA@gmail.com,14
880,AREVALO SANCHEZ,DOUNYA,26,DOUNYAUSA@gmail.com,9
881,AYALA ALSINA,LAURA,13,LAURAITALY@gmail.com,8
882,BERENGUERAS CULLERES,LAURA,22,LAURACANADA@gmail.com,11
883,ALOY CODINACHS,MARIONA,35,MARIONAUSA@gmail.com,2
884,ANGUERA VILAFRANCA,ESTHER,36,ESTHERUNITED-KINDOM@gmail.com,10
885,BADIA TORNE,ADRIA,24,ADRIAUSA@gmail.com,9
886,ZAFRA FIGULS,ESTEFANIA,30,ESTEFANIAUSA@gmail.com,8
887,ALIGUE BONVEHI,CRISTINA,20,CRISTINAFRANCE@gmail.com,12
888,FERRER GASSET,BERTA,27,BERTACHINA@gmail.com,1
889,AGUILERA MERINO,NATALIA,25,NATALIASPAIN@gmail.com,13
890,ALVAREZ FERNANDEZ,ALEJANDRO,22,ALEJANDROITALY@gmail.com,13
891,AGUILAR RAMOS,JULIA,31,JULIAUNITED-KINDOM@gmail.com,8
892,LISTAN FIGUERAS,ABEL,42,ABELFRANCE@gmail.com,2
893,HERMS GOMEZ,LUCIA,25,LUCIACOREA@gmail.com,4
894,ASENSIO VEGA,JOAN MARTI,20,JOAN MARTICANADA@gmail.com,8
895,ARNALOT PUIG,ANA INES,26,ANA INESUSA@gmail.com,12
896,AGUILAR RODRIGUEZ,JOAN MARTI,36,JOAN MARTICOREA@gmail.com,15
897,AYALA ALSINA,JORDINA,18,JORDINACANADA@gmail.com,9
898,AMIGO MODREGO,MARTA,30,MARTACHINA@gmail.com,10
899,HIDALGO ALTIMIRAS,JUAN,11,JUANCHINA@gmail.com,14
900,PARRAMON FLORES,MARC,44,MARCSPAIN@gmail.com,7
901,PASCUAL FLORES,MARIA NOELIA,15,MARIA NOELIASPAIN@gmail.com,8
902,TORRUELLA GARCIA,CRISTINA,29,CRISTINAJAPAN@gmail.com,3
903,GALOBART GARCIA,SERGI,16,SERGIFRANCE@gmail.com,9
904,AGUILERA MERINO,LAURA,23,LAURACHINA@gmail.com,9
905,BOIX GONZALEZ,CARLA,43,CARLAITALY@gmail.com,1
906,GARCIA ALMOGUERA,JULIO,25,JULIOGERMANY@gmail.com,1
907,AVILA MASJUAN,ELOI,45,ELOIUSA@gmail.com,10
908,BARALDES TARRAGO,MARIO,43,MARIOCANADA@gmail.com,9
909,ZAFRA FIGULS,INGRID,19,INGRIDCANADA@gmail.com,4
910,BARRIGA RIU,JORDI,41,JORDIUSA@gmail.com,12
911,ALOY FARRANDO,ELIOT,18,ELIOTITALY@gmail.com,15
912,RAYA GAVILAN,ANTONI,41,ANTONICOREA@gmail.com,12
913,ARPA MORENO,NATALIA,37,NATALIASPAIN@gmail.com,6
914,RAYA GAVILAN,IVET,45,IVETFRANCE@gmail.com,14
915,LISTAN FIGUERAS,ABEL,24,ABELSPAIN@gmail.com,5
916,ANDREU CRUZ,CRISTINA,28,CRISTINACHINA@gmail.com,6
917,BARALDES MARTORELL,MARC,22,MARCCANADA@gmail.com,11
918,ALVAREZ FERNANDEZ,DANIEL,31,DANIELSPAIN@gmail.com,13
919,BARRIGA SOTO,XAVIER,22,XAVIERJAPAN@gmail.com,10
920,ALIGUE RIVERA,ADRIA,20,ADRIACHINA@gmail.com,2
921,ARIZA PUIGBO,JOSEP,43,JOSEPUSA@gmail.com,14
922,ANGUERA VILAFRANCA,JUAN,20,JUANCHINA@gmail.com,3
923,ARMENCOT PUIG,SANDRA,11,SANDRAUSA@gmail.com,1
924,RIVERO FLORIDO,ANDREU,23,ANDREUUSA@gmail.com,3
925,RAYA GARCIA,ABEL,36,ABELSPAIN@gmail.com,15
926,BOIX GONZALEZ,TONI,14,TONIUNITED-KINDOM@gmail.com,1
927,AGUILAR MASANA,VALENTI,15,VALENTISPAIN@gmail.com,1
928,RODRIGUEZ GARCIA,JOAN MARTI,32,JOAN MARTIJAPAN@gmail.com,5
929,ALOY CODINACHS,JOSE ANTONIO,15,JOSE ANTONIOJAPAN@gmail.com,5
930,AGUILAR RODRIGUEZ,MARIA JOSE,12,MARIA JOSECHINA@gmail.com,12
931,ZAMBUDIO FIGULS,DAMIA,34,DAMIAUNITED-KINDOM@gmail.com,2
932,BASTARDAS FRANCH,ANDREU,26,ANDREUCHINA@gmail.com,4
933,GARCIA GARCIA,MARC,19,MARCCHINA@gmail.com,10
934,ALVAREZ ARMENTEROS,JULIO ALBERTO,29,JULIO ALBERTOSPAIN@gmail.com,10
935,PASCUAL FLORES,MIREIA,39,MIREIAGERMANY@gmail.com,5
936,ARTIGAS MATURANO,LAURA,16,LAURAGERMANY@gmail.com,12
937,ALIGUE BONVEHI,MARIA ISABEL,30,MARIA ISABELGERMANY@gmail.com,2
938,ZAFRA FIGULS,VALENTI,25,VALENTIITALY@gmail.com,3
939,ALTIMIRAS SERAROLS,DAMIA,24,DAMIAUNITED-KINDOM@gmail.com,8
940,BARALDES TARRAGO,CRISTIAN,40,CRISTIANJAPAN@gmail.com,14
941,ALEU PRAT,JULIA,30,JULIAJAPAN@gmail.com,8
942,ALEU ICART,MARC,19,MARCSPAIN@gmail.com,11
